{
  "id": "ce1b7679-6a83-ac74-e75a-ca302c0838f9",
  "name": "CCPaymentLocal",
  "values": [
    {
      "enabled": true,
      "key": "host",
      "value": "localhost",
      "type": "text"
    },
    {
      "enabled": true,
      "key": "version",
      "value": "v1",
      "type": "text"
    },
    {
      "enabled": true,
      "key": "env",
      "value": "local",
      "type": "text"
    },
    {
      "enabled": true,
      "key": "port",
      "value": "8110",
      "type": "text"
    },
    {
      "enabled": true,
      "key": "basePath",
      "value": "paymentstore",
      "type": "text"
    },
    {
      "enabled": true,
      "key": "merchant_id",
      "value": "nivikundemAL",
      "type": "text"
    },
    {
      "enabled": true,
      "key": "merchantReferenceCode",
      "value": "NiviRodriguez",
      "type": "text"
    },
    {
      "enabled": true,
      "key": "pickup_dt",
      "value": "2017-08-05T11:22:06+01:00",
      "type": "text"
    },
    {
      "enabled": true,
      "key": "latitude1",
      "value": "51.542056",
      "type": "text"
    },
    {
      "enabled": true,
      "key": "longitude1",
      "value": "-0.180418",
      "type": "text"
    }
  ],
  "timestamp": 1500643128529,
  "_postman_variable_scope": "environment",
  "_postman_exported_at": "2017-07-22T08:15:47.478Z",
  "_postman_exported_using": "Postman/5.0.2"
}